1,Fun with Colors,1,11
2,Story Time Adventures,1,12
3,Creative Arts and Crafts,1,13
4,Music and Movement,1,14
5,Nature Explorers,1,15
6,Outdoor Adventures,2,16
7,Little Scientists,2,17
8,Exploring Shapes and Patterns,2,18
9,Drama and Imagination,2,19
10,Garden Explorers,2,20
11,Cooking Creations,3,21
12,Building with Blocks,3,22
13,Exploring the Universe,3,23
14,Sports and Games,3,24
15,Animal Adventures,3,25
16,Sensory Playtime,4,26
17,Math Mania,4,27
18,Exploring World Cultures,4,28
19,Little Chefs,4,29
20,Musical Melodies,4,30
