id,first_name,last_name,age
aa9ae402-fc30-4514-8b8f-85c57f33378b,Tyler,Blackwell,39
3a2c7be8-751b-40fd-a67d-59ef185b0a33,Emily,Reynolds,21
da8922e6-1e94-4b54-b5ef-e5f54a42665b,Nancy,Greene,37
09c0b80f-6b95-4a73-a992-d954bc991d2a,Jeremy,Martin,30
543c8dbc-9824-458b-a19d-427430800e36,John,Howe,36
6dd37b8f-ad76-4376-b478-612af1bd5ecc,Andrew,Gibson,30
b51f1902-c020-409f-9ec2-ea3812470b0b,Miguel,Johnson,18
cd51c4c6-6a5c-4038-b6ad-67ed5ba0f7fa,William,Ferguson,30
d4173ff5-bc7d-4042-a6f3-9b7f98f0244f,Terry,Pierce,37
ebf3abb7-011f-44fd-9dfb-c23ce2a487d7,Jonathan,Phillips,40
4c35fdce-e02e-4861-a711-4e322983bb95,Olivia,Jackson,50
90cbfbdc-be4f-43d3-9f99-af8869ca1ec0,Amanda,Rush,25
475843a4-a8f2-4c9f-a480-a6b6f22edece,Andrew,Cardenas,47
4a80c7cd-5b8f-4e7d-9afb-1ca2657691a2,Keith,Benjamin,35
adcd4aa3-37fe-43b5-ae48-4d7f0d4bd960,Luke,Matthews,37
511f7cc1-61de-43dd-ae95-1bc2a9f3184a,John,Reyes,51
d4fac34e-5ad1-463c-85e1-020a0f62c85c,Patrick,Duran,42
440ad025-b4c6-4358-bdde-777c81b6e287,Abigail,Davenport,53
d17f1f9b-a241-46e3-bea5-2594bff8f936,Daniel,Taylor,48
47170c73-e5d0-4ceb-bf32-6f2621a8075f,Justin,Palmer,56
3ab338b8-b3e3-49eb-adb3-9268cfb87912,Nicholas,Guzman,49
1cb3d1a0-3939-4749-88ae-cd40573e57fb,Andrea,Lopez,37
bb446206-5515-46b8-8481-80d3f4fd4a7a,Desiree,Wong,34
97fd53d2-92cc-4a9d-8eee-b5f231e29da5,Gabriela,Mcintyre,37
95ebe5a4-480e-43a7-90e7-3fef198dc335,Kristin,Schmidt,41
6b6e4536-dd1b-47a3-a58d-cad3be6f9756,Sarah,Gutierrez,32
1eb274d7-22d6-4a45-ad77-f2d5a023cf3e,Brian,Robinson,47
7b1fb876-ebe6-4e07-a3d3-4df38a7021bd,Michael,Johnson,36
3d98e1a9-0b3b-40c5-b13f-d27575d5b33c,Sarah,Marshall,37
f7e844e1-89b9-453d-b62e-25f34fba3c2e,Wayne,Mcdonald,30
e8fdf662-6808-4a45-aa11-933521f420a7,Yvonne,Morris,58
168f9f0f-2ce0-46ff-aebd-642ac2bd1b4b,Nicole,Maldonado,30
202fa11b-4928-4663-966c-0c9b890200cb,John,Peterson,30
39922d65-a2a2-4ad6-9c8c-acaf4bd0560b,Trevor,Hogan,41
c85181d7-aecd-4f84-b250-2befe9c769f6,Michael,Williamson,43
d57e8bab-f9ef-40db-98de-7a6be58d2038,Jordan,Duarte,24
1c3ad5a2-5826-48f2-ab3c-1889ff4c3364,Travis,Kim,39
ac388f43-87b6-42d2-8e4d-957c88d5a07f,Doris,Bullock,30
bbacddec-01f5-40e5-878c-33eb8b831d80,Debra,Anderson,42
239e5b0e-2a77-449c-9319-041fad0b0198,Jeffery,Griffin,41
e488d106-1a62-447d-8d71-e527336ec8f3,Melissa,Smith,38
d68f9147-61b6-4c3b-9c85-340c51d7a7b6,Tony,DVM,44
55abc00c-1cd7-42db-bbe5-c7fcc118762a,Deborah,Graham,48
65fd6a91-8178-45d5-b480-42ee84654f99,David,Hart,43
13c28c0f-8498-4e9b-8956-2f8bfe214ab5,Charles,Smith,41
b08feb09-ece9-4a2c-b8af-a24ec967ce04,Terry,George,31
fe5f29d5-0e66-4aa5-98c7-1937ea7fec72,Eric,Armstrong,41
b83f6680-dc30-455f-bb7b-ef00aaa91050,Samantha,Noble,34
42655967-d1ed-47e0-b003-cb3807dc11cf,Mr.,Cox,39
0efb2749-e43a-4a7e-b9b5-4e0e6137333f,Tammy,Dodson,61
0e446100-1ab3-4234-ba95-1f173dd309bd,Andrew,Gaines,39
c6aa9512-23d3-4d1f-bec2-dd4b5d3d0c5c,Vanessa,Allen,48
c03dd934-7987-471d-8331-5b8e6496c8fe,Jessica,Montgomery,49
b29ea82d-fa9d-439e-b800-d62b650c3247,John,Chandler,25
35255e7b-1f7e-4832-af4d-348324ec3e0d,Amber,Elliott,54
343ea106-4c14-4a64-9267-965a28131445,Christina,Gonzalez,31
e6c6c0a7-36b3-4dfe-9d36-3811d9d25b02,Mr.,Allen,25
7fa5e77c-df6e-4c8f-b15e-8424e4e1f368,Joseph,Jr.,49
2af5375e-7b1f-4482-a291-4b35cad37d64,Amy,Mcguire,30
dcd204a3-56cc-48b9-9738-136139514230,Jacob,Watson,30
23aa9a0c-286f-4437-856a-3ec80fdfb80e,Dustin,Mccarthy,38
a39319fc-9256-405e-b433-c5f76b99cb40,Joshua,Alvarez,40
7024fd3f-0381-4f6c-bc8c-ac17d83cb971,Karen,Smith,47
90f27b42-2a63-49d1-9944-6d9b987cbdb0,Ronald,Thomas,50
34e008ba-6bba-4651-8e5f-100f806f105e,Rebecca,Sanchez,33
7a5d287b-32d8-4546-b3f4-5dcfcac8920c,Sarah,Bennett,41
278198e0-221f-4397-a890-470a400d4065,Carol,Smith,28
a8af6a02-ca64-46f8-aef4-0ce6c16a3949,Sarah,Haynes,51
39d5874e-53f6-46b0-901e-cfc7dfe67095,Gary,Hudson,46
802449f9-e88b-4c43-938a-dc86e499e259,Mary,Dunn,30
f1a9485c-6a82-4024-8315-dcf70ca76155,Jessica,Barker,31
314f4206-6b29-4fbb-8306-a5ae4c053b8c,Cynthia,Petersen,34
2f1fdc0b-6f02-4bc6-bf9e-6469ec6585e6,Brandon,Caldwell,60
7a1efba9-0707-4998-8780-25d662f4f859,Rebecca,Doyle,48
10404702-7c43-46bf-b27b-81355abd42c6,Jeremy,Smith,41
cf02844b-2886-47e6-86a2-f846d0ae9042,Travis,Smith,49
542c1ff7-03a8-4f42-bc0e-8e7a1f03cdbb,Michael,Brown,41
6221cab7-28ad-49e3-9d8d-c74858f1430d,Amanda,Stewart,39
b2a73172-0a98-46bd-b0c6-3b5f11fdfd15,Matthew,Becker,26
9e094713-53bd-40b6-9e40-de016c1ca9fd,Lisa,Roth,33
f21979ff-a42e-4983-8ae5-67b3719ed295,Brooke,Turner,44
f9a7018f-fddf-4d66-8b3a-5f911d01bb19,Duane,Andrade,42
05b9673f-b082-4f88-82f2-918c3044e420,Christopher,Santiago,45
303e7985-48c1-4c1c-8271-f61be121ed04,Elizabeth,Alvarez,44
bdca53ea-22e6-4700-badd-84f84624cf4b,Susan,Hahn,19
4ed926c2-bbf0-4184-9c36-a039d0fcf05c,Stacey,Sanchez,36
8c77d02c-a0d6-40f3-964b-f894f0894b2f,Kevin,Anthony,18
bc1805ce-58b7-4ed6-b7f3-6a0638ee95a6,Brian,Boyd,60
a48b63f6-4045-4441-bf46-b08c6e718dda,Jeffrey,Hicks,36
7d45ae93-6806-479e-96dc-8f5a4f7c74f6,Angela,Garcia,31
c43a9007-dcbd-4be8-8064-1e1cd622ac9a,Megan,Marsh,31
05b908d4-e95d-412b-94cb-034561f305c5,Jeanette,Martinez,27
eeb17349-63f7-4b68-9218-7e5d148e6ddf,Paul,Lopez,28
86a83916-9a22-46e9-b42d-c6b7c8297522,John,Hernandez,29
7547f6a3-f704-4b0e-8415-df247eaa464e,Nicholas,Rocha,40
4742eb89-b8fb-4cac-b399-0cdd7584ef51,Chloe,Zimmerman,36
d8408448-2138-4585-8c1e-b3fbf000e654,Cassandra,Evans,19
1f77008e-8dc0-4fab-87f8-a959ce63be64,Connor,Henry,53
4b71e9ac-111e-461b-82bb-18efa75b70a2,Ross,Byrd,29
0224ad96-7a70-4845-b054-842af3e5274d,Mary,Case,44
23f8f916-714c-4a8b-bd56-0df59fbb8336,Mark,Carter,38
1795e2bc-d1ff-4e3f-91b1-78754aef790e,Amanda,Brown,40
d4384423-bc57-4a34-b83e-9880abe80f49,Joshua,Rogers,29
d46fcf63-ef1c-4687-9150-110b38918c5f,Phillip,Carlson,38
bd8f41fc-bfba-45b4-add8-cb40b4b310df,Brandy,Cross,42
7fdf273a-8b4e-49d8-ad5c-cf6799c3aa80,Cody,Mack,35
d8e5ae19-1d38-45ad-85a3-08698856b2a5,Ann,Williams,51
1d59c4b2-fc43-4b65-b6f1-68a80f0213b6,Melanie,Golden,23
8220a7d7-67ae-496b-a930-092eabc28325,Dawn,Munoz,41
84399b7b-1a1f-4bf5-9a1d-58bade2ffcd9,Andre,Mitchell,26
cca1dcf3-9ffd-4e44-a276-e12abb13b6c1,Nicolas,Kelly,22
b8837562-b014-42ef-ba23-6e0276d18180,Phillip,Horton,32
9c858705-e4ce-4fbc-bd5b-0fba905c5824,Mrs.,DVM,24
b1659169-6a94-4925-a78c-92b55da5279a,Latoya,Hill,42
8270e242-2c8a-4862-9bf6-a16d5b8b8fab,Carrie,Moore,18
3fb7585d-ef10-48d5-be3c-7941575135f4,David,Lopez,49
018b7a72-8314-47d0-b414-292c4c3b9867,Christopher,Palmer,34
972d927e-b55d-4ff1-a8e1-bebb1bcae470,Rebecca,Watts,42
d71dfced-f578-4fe4-a4f5-1a3bcdc6f1ea,Megan,DDS,39
904527eb-363c-4f45-8e1f-047ff7bfa5ee,Miss,MD,21
ab6d7ff6-8c27-4e7f-9f7e-5dc4b841da0c,Monica,Martin,35
52d4e507-8a76-4c99-b8c3-0a9acad36554,Linda,Dalton,31
8e1bcb04-4c0c-4b73-8615-b1a22fda6850,Kelly,Evans,18
53ef44bb-43ac-4da0-bedd-401452699705,Christopher,Smith,35
0a261f88-1e93-43ad-ba85-f9f1c3d32a76,Tracy,Casey,31
5d41aedb-141b-4299-bdfd-e7bece20272c,Darlene,Coleman,35
b568081e-0c56-479c-94d9-8f77a5ee416b,Victor,Christensen,29
5302d3a6-d8bb-41bf-8d00-29d92cddf588,William,Cox,32
9f5718ee-78e8-4499-aa1b-8d46df9a81e5,Victor,Mendoza,28
d484ae02-c604-46a5-ad71-02585db0f2a5,Timothy,Morgan,18
e40d6da8-6b89-4ebc-9179-2599d4138ea5,Tony,Garner,55
5bf534d4-52b9-43d7-b1b0-761a3eb6f407,Mary,Rivera,18
124c6295-8f97-40c6-90ed-195172da8f27,Gregory,Lewis,44
b11c5a49-f917-4206-82f0-c649f4f93606,Chelsea,Booker,46
dc7c9903-18c2-4fee-8495-783127e65be4,Erik,Rodriguez,65
ca3815d6-e521-4c8e-b3fb-1c5e8417667e,Christopher,Davis,51
9de75e45-b9fd-4167-917c-dacda7db9775,Leslie,Proctor,31
0c6ef473-a476-4e7a-87dc-ffbfa5ac182b,Jeffrey,Richards,38
ff5dde04-3fa5-4c0b-81f1-58b13f1e2a5e,Mary,Hardy,51
2fe9e0f2-6f27-4042-805a-bf90ab7ff375,Stephanie,Estes,37
482e8aef-4f5f-470f-870e-aa3f025f33ca,Brian,Kim,40
8e8880ab-703e-47be-83aa-8b3ed47b036b,Travis,Simmons,37
b736120e-5402-4a92-adad-43629c9fdbde,Jacob,Mosley,38
09e62762-6814-4f23-a8d9-36cf5cdc840f,James,Valdez,34
efb180c7-d004-4e9c-8006-a810ce4f379e,Amanda,Galvan,36
eafcd08f-92c5-4ef8-b09d-2cfc36a4b0ed,Ronald,Torres,38
66940ae6-1968-403a-b35e-1e134959d2d7,Jon,Wallace,49
c1296549-520d-4777-b665-3ba1e48640e9,Amanda,Gomez,43
f02f6514-6f6f-4413-9fe3-335fdc362546,Edgar,Mendoza,49
72118214-78b8-4280-951b-4164cb60b17d,Derrick,Smith,41
8379c0db-8aec-4d1e-8b3b-27e4a7881562,James,Waller,30
2f46a35f-f878-4c72-9bae-fa64b2c57455,Lucas,Suarez,43
e5b36a51-fcd6-43c4-81b0-64adae91ff6f,Barbara,Silva,26
214fabaf-aa6d-4bc3-9a32-fabbb288336e,Julie,Lee,28
cb76fb50-841f-45e1-84b3-1bd6b3bbd8bf,Ebony,Ortiz,29
a565399f-4085-4608-96da-dcdd6972bf6b,Kimberly,Williams,48
a6ff2b62-57c8-4a6f-b8e3-02bea6c1d00a,Wendy,Brown,44
59e8b3f6-51a0-412d-a07e-770281bf9c34,Dakota,Lara,65
9e7033b9-55ca-4336-8916-36522ec9c6f1,Madison,Turner,51
cc278b97-0496-4aaf-bf24-cc87bfc2fc74,Jeff,Thompson,60
3b8656a7-a8ce-4a4a-9d0c-d35bc9fe1c28,Ronald,Donovan,44
bc9df687-011e-439a-aa10-28e102659a61,Emily,Tucker,42
f8582eec-c338-4466-bf80-8f86d243738a,Michelle,Parrish,28
311ce649-07bb-4d4f-8598-78bc9075828a,Laura,Blair,51
65bfe723-bc7d-4bde-9169-d1d7b7e0176e,Christopher,King,22
cb9b36ce-b707-4acd-8100-b0561c2a0139,Stephanie,Schmitt,36
7ee40ffd-bbca-4462-acab-c520e7a85757,Linda,Taylor,42
7db983f4-d805-416e-86f0-91d54f9aade2,Thomas,Wright,42
2a545269-d915-472d-8f3c-ebfe56991496,Wanda,Boyd,55
309fe81a-47f2-434f-9825-ad9b1360f78d,Michael,Butler,47
7fa8de69-88ce-48ed-9e7a-0dd20114ec1b,Mary,Richardson,46
f1ed9b25-2977-46b3-b11d-cc7344af91c2,David,Cooper,42
39fc61f3-38f8-46e5-84d3-37a8de4b7de0,Stephanie,Young,29
393089f6-a956-4b1c-80b8-ac3f3e4b1714,Adam,Wilson,49
1796de86-b870-4563-80d4-26218f453800,George,Walker,53
e804c33d-8d45-408c-b669-c85c4ecb5a49,Erica,Flores,31
d9078909-89b7-436d-89f9-24a8cf886210,Sheri,Perez,32
b3fad061-c388-457e-a19b-3ae8b17905a2,Brian,Mcintosh,28
57af5639-bdda-4e47-9661-8c5e69a4d031,Mary,Ortiz,30
394076c9-22aa-4208-832f-626ddf264ee1,Jennifer,Martin,30
14f14c5c-0e94-4f24-98c9-e90a78c95418,Bryan,Hall,41
be376a16-96fd-4f20-96f2-6bf3b22c07bb,Alexandra,Watson,43
333f9789-081e-49fa-9a2d-30c0be02cb7c,Brian,Donovan,53
6645573f-d84d-47b9-9f1c-735bf9718810,Adrienne,Mcintosh,46
31520903-9676-48ce-9830-d73c71e2a526,Steven,Hawkins,52
7a28481f-0244-49d4-ac57-edd8e2f4b8a7,Dr.,DDS,36
ea76077c-443e-435a-bf70-ea79d9c5a716,Kelly,Manning,38
1714281d-1758-424d-95b3-abc07c7e239f,James,Taylor,40
33abd36d-19e6-42b8-a462-6b55aadde0ea,Phillip,Clark,51
937a109b-aac3-453d-80ea-206afc98f357,Dana,Bass,42
649bc08b-9ec2-42f4-ac24-3d1ab0b06e0a,Maria,Buckley,49
9e364d06-9845-4c32-bd7d-0e318e13cd03,Heather,King,27
b6376fc4-db6c-4850-ba8e-c0c349d236f2,Ashley,Smith,44
8b6b7806-93e0-4a6b-a501-0a91ffc08c78,Emily,Wiley,32
8d3e5ddf-0c86-4372-aac0-ff2e2c9702e6,Gregory,Burke,47
45326073-1724-44d3-ab18-198359e43e58,Katelyn,Elliott,43
58cd66a9-5c00-4f28-ab7c-bac955c4dce1,Brian,Barnett,37
fbad55a6-a807-40d4-901e-d66fbb37dd69,Lauren,King,51
dc1932f5-e4a5-457f-b77a-49f59b0a9b94,Amanda,Gonzalez,38
1e239e88-0845-4ba7-8ac0-1b2dbcd45beb,Christopher,Davis,35
2a6d9e61-b76d-4f83-8ed1-0a4448eeeba0,Gregory,Lewis,58
41ebaa9a-659d-40da-bcc9-571c28636614,Brittany,PhD,44
88e9d90a-a8fe-4b05-8f5a-7212fb957270,Nancy,Barron,44
b3124a03-a78e-4dda-8ed8-04964f22f55a,Deanna,Evans,59
43c9ef3a-3196-49c1-adb0-7a7b50dfde96,Danielle,Miller,49
0a57efc9-88dc-40d9-ab98-2cc143a4f69e,Mark,Quinn,27
39760957-c369-4038-a4ef-c65c126dd749,Eric,Morris,31
d25c6fa3-0f32-4a67-8796-804f0dd902da,Juan,Wilson,44
4a6fe6d3-6585-48d9-89eb-b4fb2077f7b4,Michael,Mcguire,29
efb2bf5f-1b15-4898-b294-33f8e5af920c,Brenda,Manning,33
7699116c-6f95-4705-9ad8-e6d75db73156,Edward,Wallace,33
bb80f8bb-146c-4b8a-81e4-9da1cbb2054b,Wesley,Dudley,40
7e7d413e-0e88-452f-a7e2-38e5df18936b,Marcus,Phelps,32
946ee962-fd12-4be4-bd4e-06fba69c5be9,Hailey,Cooper,47
2a48bef2-9916-4320-a2a0-992d7441fe3b,Wanda,Cruz,36
eef49efb-693e-4dc7-94c7-20531cffb1ad,Leslie,Brown,30
7cac7565-df66-47a2-b6e5-bcbb5bb6ed39,William,Gonzalez,26
3e73f5fb-193d-43e6-b4a1-84b9f46842a5,Matthew,Stewart,47
dcc5ccc1-f300-45a0-8ee7-26150fb1d9ec,Tami,Greene,33
aa3700d6-1bc9-4d13-8c15-e7cd1954c39c,Jonathan,Black,36
1d2121cd-93af-4129-9b19-adfb421a5dbe,Brett,Kemp,42
65f6089b-a35e-4721-bfbf-9f73ea7f6c88,Craig,Orozco,38
c02ac544-2d84-404e-9382-05ded1344312,Stephanie,Frank,56
4a423c6c-bd4f-4307-81ef-d86a7be60133,Mary,Petty,38
66b0eee9-54ed-4941-b32a-c3cbab65a88c,Taylor,Gordon,53
51222d38-5af2-4b7a-b712-459f03614dcf,Emily,Lee,32
91be8b24-a05d-4666-bc74-1ffbfdff3630,Shannon,Ross,50
d44c85fe-c48b-4d2e-a280-0124603dd6aa,Jennifer,Miller,21
f04f2631-2dfa-4bcb-ace4-d719e235f62a,Tiffany,Goodman,34
15109004-4ab5-4ab6-938b-b9b20f7203ac,Glen,Meza,60
3f2fe705-9b60-4f17-bf5b-1acf2306dc9c,Geoffrey,White,49
57c6a387-1f1f-419c-a717-e2f38ccf133a,William,Stokes,26
4f53e1e5-5b68-4797-90f3-7a390a157e9f,Allison,Turner,42
0c82d726-5c14-4323-8f94-6c21ad2ef5de,Mark,Smith,54
fabdd7c1-7897-4aab-8d72-e93f0a766e5c,Scott,Lee,37
10528e12-a0f7-457d-848f-fed6c78db4e9,Christopher,Madden,42
3de3a752-e7fa-45da-a201-90cd35e68977,Andrew,Torres,38
86fd76e3-ac1e-4445-9e06-e51714dbcb4b,Patty,Levine,22
2cd71ecf-ec5b-4c83-af03-2d9e48c077f0,Trevor,Lee,31
e5f4e7ba-e19d-419a-b68d-c2ea33663ba6,Brandon,Perez,49
c4b619c0-8564-4678-ac93-03115e6798d2,Roger,Thompson,46
de7f13fe-ef2a-4e97-8a72-1480bd409db5,Shane,Garcia,38
0ea739fd-5c0b-4e11-8fd5-c212b12873b8,Heather,Lewis,43
1d9d4063-b6ce-4887-b76b-3cc92bd50367,Clayton,Clark,43
adb945b4-9a5a-498c-8823-1fc9e90c9c18,Caleb,Hughes,53
ed92d0b9-f762-4d5f-ae23-fd06ae5b8af5,Jessica,Rosario,41
8ccd5237-034e-4b40-9958-405a057019c0,Allison,Frank,43
222bf48a-8d09-4b94-9d43-04da5068d5b2,Michael,Henry,33
aa5b2bbd-e019-455f-9a58-e1fa7b042382,Matthew,Tran,34
580c5f78-8dee-4706-b1ed-a8afa0b3a044,Laura,Townsend,44
b70268d7-f5bd-433f-8b67-f4dae5f63a34,Kimberly,Sullivan,47
18596c9e-04dc-4795-9a5a-a0574965a395,Natalie,Roberts,39
828ec58f-6f26-4d49-8779-23979f4385d4,Mary,Rodriguez,39
01c835ab-c7a4-45f6-91dd-80dc0536dae2,Sara,Stein,48
49c56414-1ade-4ebc-a045-39d68d82cfce,Heather,Cook,35
37f638d4-be69-4444-9228-3972518de519,Tracy,Moran,26
3a119ae4-2b6a-4f57-ab05-9e656e36edb5,Jennifer,Davis,42
9fb00abe-3cb9-4605-8535-2b8927f23d8d,Amy,Young,36
30fcaa65-68b6-49c5-80de-ddd89a8504ca,Sherri,Mcneil,25
1dc8485e-5a9a-4bbc-8c7d-539906ed1a9b,Jeffery,Davis,53
7889fd6d-c21b-4989-ba87-4409f7645f96,Anthony,Payne,49
0f7e4e10-331b-4c6a-9535-faa4fef229a5,Christopher,Cortez,18
69cabcfa-1bdd-40fd-8ee3-79e21dce726e,Jennifer,Phillips,31
514ab7ac-b24d-4b60-a7d4-bc8079cdc4ec,Andrea,Walker,36
324947e6-21ba-4e7e-b71f-2bbb47ae3a89,Amy,Johnson,46
a3d8405a-c752-4ad2-a138-2a80e6ad1570,Angela,Hughes,53
e52d2d5c-7884-41b2-b6ec-6f5e9315f780,Kyle,Gilmore,48
52732766-2605-4dd3-acf2-dcfdac6f5776,Melanie,Williams,36
7624f772-2635-4d42-af48-b386a347306c,Matthew,Thomas,34
924042db-87b3-4a96-bf21-1517ca4aa14a,Jasmine,Orozco,27
2f324855-6201-4c96-88ae-3ac1d968fd2e,Mitchell,DDS,24
ccf56eb0-e199-4b8b-bcc6-900462879ac2,Brandon,Taylor,31
e13af368-531e-4843-b631-e3d6117b162f,Brett,Howell,32
d6051f30-d7d2-4686-80ed-b42ad1a10a9a,Benjamin,Stevenson,50
920858de-a289-4f18-80c6-5ab0f79590bc,Beth,Summers,41
f012d1e3-92a6-401b-afc0-dd577231c7bd,John,Frazier,38
4774b044-b20f-41ab-b5cf-ca44052601d7,Rhonda,Calhoun,40
995dddce-ec47-44f5-b46e-15d41c13ca31,Monique,Howard,50
8d0a9af9-c87a-471a-80ef-7aec4f465536,Danielle,Jacobs,45
3ad73512-a3d6-41fa-be31-025bacdb7616,Philip,Moody,57
f7b47499-56b3-4f56-935b-7189a6954a8c,Kathleen,Cooper,26
eafd9e54-d6b1-4ce0-97a6-051eff85b41f,Manuel,Vargas,38
b4781678-3c1d-401f-8da5-78f869750778,Bryan,Wilson,36
a1754d17-d2d4-4230-8730-5455348c7abe,Jacob,Rogers,49
8d45ba5d-2d45-44a5-8026-c3ddf226c428,Christina,Kent,38
dc77996f-31a7-4e1c-9002-cba74b86bfd1,Jeffrey,Smith,38
380eca2a-899f-48cf-9b10-b4088e3a8a31,Mark,Phelps,55
85af0108-15c3-4e01-b40f-d82064819946,John,Hill,36
69769854-360b-4c5b-9398-2dd027d20f4d,Eric,Rios,38
d8670d68-f04e-4384-b8b9-15fc655e0dba,Sharon,Mcdowell,37
2b2d21c1-b433-4cde-95ab-c2000834d751,John,Lopez,44
182a9c5b-96a7-45c3-a379-22cd3acddeba,Mary,Carson,35
af3a7ef8-d2d1-48c0-9239-18f1f2b491ca,Molly,Farley,18
b3791cd2-530c-4a64-8f2b-793d3b872464,Linda,Haas,33
2e1851e3-bf57-4f4d-8250-dc3f8af8894a,Teresa,Dalton,25
71b41578-24ee-4ed7-8b6c-ec9c564561e6,Jimmy,Wright,51
e52facad-49da-45fe-836a-504def22e60e,Amy,West,45
c90dd7fd-6bda-4796-8427-1580cd9b9126,Kayla,Henry,44
decf1f06-b4a0-4ecc-a4d5-991e212f0609,Rhonda,Davidson,36
08870921-3c0f-4121-ac63-fa52fb15422c,Michael,Allen,27
7ef58823-7240-423e-bd0f-726cedb65157,Aaron,Spencer,55
0e4ddb67-0759-4b50-90fc-89e6066ecf67,Christine,Vasquez,34
69aed0e3-6fb5-446e-a899-c1c939c4453b,Madeline,Sanders,39
07dc394e-7f41-4ebf-adf2-4f36bcb1a607,Christina,Martinez,37
5f605de1-75c0-48e8-9d63-c4683aefe887,Alison,Becker,24
df26f997-ac63-47ce-9d2c-db85d1b6f4a9,Diana,Hernandez,43
ebedc47e-391a-4512-996e-15f0c46acf0a,David,Johnson,35
c0d22f6a-39a5-431d-9cb6-258ceca7c304,Sabrina,Garner,44
68fd338d-7f35-42d9-8214-72b407b0b526,Jasmine,Decker,44
70fa489e-0e12-4e2e-8da1-c783033e381f,Spencer,Stone,49
342fe251-2ba0-40c0-a2d5-1c54d7c32dc4,Eduardo,Pruitt,46
5ee0aca4-3fa5-4a4e-bb84-05e9dba0ae83,Kevin,Gonzales,42
384fae88-03db-4c99-86e3-0930524a06f9,Michael,Thomas,42
67e35622-2dc1-481c-b7fa-8c3cd6673b6d,Ashley,Armstrong,37
c98d2454-ba94-4e5e-87e6-22a81be4818f,Michelle,Rodriguez,34
c07705b2-5814-439e-99b2-c8c3b2cdbeb9,Joseph,Brown,34
85ebc6a7-690b-46f0-8491-cafc3c95066e,Anna,Williams,56
26cf4d08-93d6-4467-a53d-8bc1ce41124b,Jacob,Patel,38
38a08d58-efb0-47e2-aa96-b9886226c053,Michael,Rivera,20
c6a6f8e3-042e-4875-b4c2-140d12efa1f6,Nicole,Gilbert,36
ea606a05-eac7-4dd8-a82b-64e3b04afbd3,Nicole,Cook,41
3e207886-8e0a-402f-84d2-5bcb848b0c01,Christopher,Turner,39
dc01fcb4-6690-4a9d-92eb-500251b613b0,Larry,Mills,25
3e8a8d3d-88b8-4205-885e-d153f677ddb7,Douglas,Griffin,39
0528f593-61df-4f1d-b3c4-e0449def0fd0,Pamela,Gardner,34
6add1561-b411-4b79-aebf-b92a0f3bcab1,Annette,Wright,27
f6ca86dc-4bf8-4d4f-82d3-ebd707c46219,Hannah,Hughes,34
7940e12a-a260-4aca-8c45-a2f5f4ac9f59,Jessica,Perkins,31
efb98479-4345-40cf-a8ce-38088966f092,Mr.,Watson,30
9231adeb-d380-4c87-be6a-c29b659d73b4,Stephen,Pratt,43
2afb38d8-3ef1-42ef-8159-1a77432bcb8c,Melissa,Ramirez,31
35cb905f-e2b4-4399-80a4-45423d05ae73,Joshua,Yu,32
45554a72-cbf6-4732-8eae-39d03589ca95,Scott,Mccoy,34
d36b5db6-ad3b-4006-8271-1671261f7ee7,Hannah,Bishop,61
d8048bf7-69ef-41ce-8e20-f4d00a957f27,Sherry,Alexander,33
440b553b-5640-4584-ab11-5ac33285a0c1,Andrew,Kim,39
304b7857-24c4-469e-8099-39e345493291,Jeffrey,Cobb,35
37774c9a-b447-4cad-b6b0-3ac688c012e6,Tonya,Pugh,31
97922606-7767-4066-9fb2-4cd5785c951e,Joshua,Phillips,44
8f471604-86ad-439c-a8a2-388cdebc6207,Christian,Mccormick,39
b3bd7f48-b1b8-4a59-b672-c6fc05962840,Adam,Thomas,44
2f6e27e2-9cdc-41f2-9c42-2d8fc81c7e86,Jacob,Goodman,34
34d5053f-51f4-4563-8f52-7c9ad43884ba,Anita,Palmer,19
373b7b3d-22d1-4057-8caa-d847c4d0455f,Maria,Montoya,55
5b077beb-2566-4adc-bab2-bd828a204d74,Dawn,Garcia,61
f4c0c1df-69be-4283-b96d-7e247090da57,Eric,Jones,20
6bf814fc-59a2-4c73-81ae-2801e5ca57d2,Doris,Porter,63
23da41c8-d49f-43ef-a219-50d7b24dae34,Heather,Walker,26
63609533-ff34-4d00-8982-8f2a5bf1c7a8,Gerald,Glover,54
f6a800c4-5de9-4fd4-bdd9-f886be576cec,Susan,Walker,19
dcbc44d5-c577-47de-a4a6-bf5f0988f8c2,Robert,Johnson,35
7a6ead33-5299-40cd-b6c8-5ff019cef2fb,Angela,Elliott,58
6d961ee8-aeb5-40c0-bebe-10965b30c322,Debra,Torres,44
61f74b7f-e720-4eea-95ba-ac4c507adb4d,Bernard,Walter,47
9da08a9d-717d-4a19-9a02-c9ee1b39ac79,Cassie,Williams,35
79b1a37a-927b-40cb-864c-44350deb7032,Casey,Osborne,43
15a7138d-062b-4982-b33f-0cf49d442343,Tracy,Mendoza,37
9bf22dc7-efcf-422d-b138-ab10f914c416,Carlos,Nelson,41
f2bdfa10-0122-4b39-8158-9bd7c7de2076,Scott,Blair,60
47dbb3fe-df40-46e2-ba22-874d15f39b2f,Justin,Medina,60
ef3cb706-7558-4ad2-92c3-84ff3c435256,Sara,Gardner,50
d0d2f678-be93-4033-8b2c-fb64736319dc,Keith,Murray,21
5822d60c-351f-432b-a851-2bf60b013984,John,Parker,35
b2b80f88-82cd-49c1-8660-9329895b17f5,Jessica,Dickerson,42
83a57489-ee64-450c-851d-5eb634c1f5a2,Steve,Wright,45
70cc7ad2-0857-403f-8655-285a4ae2953e,Rebecca,Smith,51
18870151-fa06-4d8b-8ce0-230dfeb5e2d2,Christina,Hess,48
2c43c876-ffbc-4c6a-83c9-eb725bda6e09,Mr.,Jensen,41
375ac39d-9df7-4603-be4f-945cc6963a20,Lisa,Strong,41
0e1fccd9-220f-4777-aa80-87e705d50dc7,Jillian,Montgomery,52
5ce7e25c-0e7f-432c-92cc-0e11c10b4326,John,Cook,47
109cc9b6-baf7-485f-b846-b434d9ef0325,Jacqueline,Shelton,19
613e5473-d27d-4b73-9dae-38e9fdd744c2,Steven,Mills,48
1c068228-247d-453e-aa69-2e599c396c87,Christopher,Lynch,65
4be0eb37-a2c7-46a6-b88c-2261c5742871,Kevin,Saunders,33
8b9f07c1-713e-436b-aebe-655b92608c17,Ryan,Bell,40
fffdb935-6d39-4ed1-809d-e522870de27d,Eugene,Johnson,41
7e7c641c-6eae-432e-a1c5-3317ef828388,Melanie,Cook,39
423fb869-8668-4342-ba6a-35c2aa8d0859,Priscilla,Martinez,54
4639d4ae-61e7-4c83-b705-2bd95952d17a,Kyle,Weaver,40
3dfba17a-8f9d-4c5b-b2d1-5d091c3cacf0,Kimberly,Gonzales,31
e68af809-69bc-4807-9879-58406d014c97,Christine,Ramirez,29
c5510809-fcd3-4c16-950b-a53d3b0638ab,Jeanne,Mccann,31
81829160-21b7-4f42-ae50-2c619154fa21,Cathy,Larson,43
117c0be8-551e-4cda-897e-e5f93b93c6e3,Ariel,Love,42
5fe32364-de7e-47d6-9cf6-b2a3d7956dc5,James,Villegas,29
16f5e9d2-0220-490e-9b39-c446520b8a5b,Sarah,Washington,33
e2e6fa9c-a251-4483-a685-830463e47be7,Mackenzie,Davis,35
1f493f40-fca1-46c4-b37f-30cf52b40655,Erin,Brown,36
02b0fbfe-a87b-4251-a32e-d9046ca9eb97,Robert,Morrison,18
ff7f4983-8e6b-4c30-9c39-31d7413b87ef,Richard,Bailey,45
308823a8-8775-4e46-bf40-ee1fa8d75813,Charles,Murphy,56
1714b625-ed06-40ea-b5c0-5bc434cae0b7,Robin,Castillo,45
b6acaec1-67ff-4063-8a61-96cdc6c0b2ac,Dennis,Holt,50
1be45c3f-1d5a-4543-9254-329e4b8479b7,Mr.,Tucker,62
d3d2598d-4e5c-41ca-aad0-a7080e857ffc,Denise,Smith,37
ae47c35f-e626-4bf3-9f54-498a62633890,Chelsea,Walker,52
41bd4ddc-8a6b-4641-9dfe-d765331f9853,John,Rodriguez,63
eea97f55-6904-4056-b52d-24529835b28d,Charles,Pearson,41
58a1547c-9b0e-48bc-94e4-8900c93f5fc5,Nicholas,Wilcox,32
2bf633d4-47c3-4b0d-8158-1572c8e7efc7,Joseph,Rodriguez,37
f954b54d-ef3e-47fc-bf4a-d8bf4c837bf3,Amanda,Wallace,49
11f29a03-564e-470a-bd55-5379944a7caa,David,Martin,51
74dbd406-a711-4faa-8e93-5228f66ca72d,Beth,Mcintyre,47
4ef98c70-705e-4d82-b593-b660bac221fa,Carolyn,Nelson,36
c6563d4b-5862-43c2-9659-def82b0da522,Rebecca,Mosley,35
eee800af-7d63-4986-948b-1f76c6bc9924,Laura,Freeman,27
993dacd3-6aa5-4445-bbd5-579dbafb19ac,Aaron,Raymond,44
5894afb5-9555-4307-9c8f-197f4c1c6132,Tamara,Williams,37
1ab19130-61a0-49fa-941b-9c9c7d587acc,Alyssa,Macdonald,33
9c63ff18-339a-460f-a7ed-a4ae57ca18a2,Cassandra,Melton,50
06b0fa20-37cd-481a-8015-c0afd82c4be6,Lance,Watson,58
8f8e2637-2316-40bc-bbd6-ebb75c94eb98,Jeremy,Underwood,54
9e8f3c93-02d6-4426-8f7a-b0c0b5310850,Shawn,Smith,42
89debeeb-437c-4695-905f-efa37623b624,Brenda,PhD,24
993951ac-75c3-4cf7-9178-fed24f5a8bf2,Gordon,Garcia,46
ade50404-3689-45a2-ae94-e8b530c1c8a1,Dustin,Sparks,32
c8d36e95-1fb0-4d34-a141-ffcbc34f578e,Timothy,Jones,52
50f91c76-b429-4b7f-97d5-f00e8b2a2bce,Kimberly,Yu,22
db5f3d4d-8361-4817-a7d0-f2b565c73018,Frances,Moore,63
ced5dccf-f6c7-4f08-be5f-26a4483ba103,William,Sheppard,49
5b0b4a35-9576-4513-89af-208f3ad7a486,Joseph,Price,39
3561d693-ee9e-488f-99c2-1b6ffe70a85c,Jillian,Gallagher,34
34bb4277-2f61-41fb-843f-7b55835baaaa,Michelle,Holder,40
46165dee-d8bc-4b5b-8a36-7575952861e8,Jerry,Williamson,36
d17a08f3-d2c1-47a9-aa2c-308523f60471,Kathleen,Olson,52
ec85cb87-3c8f-4aa8-8e73-35ac30a844a3,Sabrina,Sanchez,30
3b6e12c0-4744-448e-9a27-c88bd2557603,Jennifer,Caldwell,41
f71283d6-c64c-4dd0-8a2f-b83eb5fdd84f,Betty,Combs,35
b6b19efd-c39e-44cd-8329-b99e7948c3dc,Jeffrey,Braun,20
15ce8688-a46c-4f90-ba07-a31b6bbbbb65,Melissa,Perkins,32
72bfc3b8-fa21-44a8-a54d-928366c80052,Ricardo,Shaw,32
73aafcbb-0973-4d5b-a62d-f2c915b82f0b,Thomas,Phillips,47
822c56a5-b6ad-4d96-8088-8d0d865da70e,Scott,Nichols,38
5a642829-f968-4267-a76a-f5b9add94b48,Tammie,Owen,48
38e38e54-c822-4c4a-bb6d-7d1ee4a18452,Daniel,Hunter,28
6713e81f-4e79-4b7d-9425-e38b75a82f7c,Justin,Dyer,31
07b80720-8616-42d6-8522-b7ef821ca711,Nathan,Lucas,54
621d72bb-88f8-4169-a148-fd90ef60e278,Kimberly,Curry,30
21ba8432-6639-4c6e-b8e2-9a8edcdd12a1,Robert,Wu,35
ea71975b-16f5-4473-a2c4-d97469efabaf,Don,Carter,45
154afb82-829b-43d5-828b-0dd3ea2d5e91,Casey,Blackburn,30
c0be60e5-14a3-43fd-8f0d-d0abc30eab04,April,House,28
816c8a96-007c-4f0a-af10-e0a7ad3a2693,Lynn,Wolfe,41
127e8948-e44a-491b-9f30-467d6dd2c9bf,Timothy,Willis,36
169d3232-5b16-4afa-b689-00c9c757ac36,Lindsay,Edwards,45
04216f8a-d14e-42f2-a221-208eebc81b80,Raymond,Gordon,21
c3efa939-d80c-4e21-8c3a-296364ededb8,Tammy,Barton,29
db1aaaa4-9416-4aa4-8934-54f8abd3b463,James,Ford,40
e6db0228-ccf6-4599-8b20-966660e9693e,David,Sutton,31
f35b91ea-a556-4b7a-abdd-20c89c0e5e8b,Brian,Hanson,24
9031b47c-1103-46db-b7bd-fe1ea85dfec5,Paige,Patterson,42
23df7f9a-f734-4d2a-917a-33fed9ee07d5,James,Morris,41
af475543-2d00-40e5-9301-6da2dc9b3c91,Rachel,Chapman,56
35fac93b-d800-4795-90ed-60f474a66976,Jorge,Cole,30
37fa8de6-a068-452a-92d3-8d3a0db09da5,Robin,Mendoza,37
ca4d5894-2d3e-40c2-bbe3-0b93baae1e3a,Jasmine,Cameron,35
acae3728-7041-4e01-ac81-43185fc2e2b0,Anthony,Snyder,41
af263623-6829-434f-8492-d89f860e1f5f,Kimberly,Peck,40
85b726e8-e660-4b8b-b940-cc3fd69e95dd,Jacqueline,Jordan,37
525c742b-4450-4309-a44c-9af3d3ad6b21,Timothy,Brown,58
183dd600-1d94-40ff-a3f6-5e6d780a15c8,Jason,Schwartz,38
8ef0b9ed-96c2-478f-af0b-0fd853a82fbe,Eric,Brock,31
be531abd-0992-42ab-aaad-0ef740132cc7,Kirk,Ballard,28
5158e49c-187f-4117-be99-43fbe726f30b,Raymond,Gilbert,38
af16a7f7-3798-4b7c-9d28-ab319c434052,John,Browning,26
480be5f6-a67b-41a5-83da-ac9672197378,Patrick,Allen,44
8bc16886-0701-447b-9ea7-b7edee688e26,Amy,Ryan,38
04d6c1af-9926-4ff0-9b61-261d1ac0a6fe,Alison,Andrade,27
5a929eb1-0d48-49d2-87bf-58374d0cfc06,Laura,Johnston,37
4aa49b76-51fe-47a3-88e2-8095e119ee4f,Erica,Lee,50
c919dcfc-baa2-48ad-92f1-f24c1047e014,George,Moreno,51
67154981-1af1-476b-bb8a-8d64d1fd3819,Angela,Martinez,57
fa879dc9-51c8-4ca0-8403-ab1381b2c9f7,Kerry,Wilson,32
e2dbb6a5-644a-4f52-8049-8159df753d40,Mary,Donovan,33
f97e25f6-bbc6-4d4e-a93d-3f4690b3f3a2,Heather,Simon,35
560d3c77-c450-4800-9e1a-08ff684c3794,Jasmine,Curry,39
5ea1c862-a4fd-423e-9eec-07119101ff72,Derek,Dunlap,52
f4f09c81-33c2-45a8-b3a9-b70703b9417d,Robert,Hall,35
f104af14-6ad1-49c4-91c4-e9adba6b3297,Richard,Rios,42
8f71ac11-daa6-4223-ab75-5e7dee645375,Julie,Reyes,26
bf9d383d-a0d8-485b-bc29-ba2afa29218a,Daniel,Barry,28
a204abee-62a5-419d-9f24-93b08982284c,Gregory,Johnson,32
51599570-0b4d-4c65-b00d-209a3d70b114,Justin,King,51
3255918c-1700-4711-a392-c853081fbc5f,Luis,Young,32
5f57c6d2-9f72-403c-923b-150a58039489,Daniel,Graham,25
bd370c2d-2302-404b-9cad-87ac230550e3,Brittany,Ramirez,23
c850fe93-93d2-4bae-be74-e872b96c8763,Heather,Clark,18
fa3566c8-4292-4151-b558-2251167c1848,Jordan,Boyer,33
6a80b862-7a74-4fb8-acf0-9fb3baa100e1,Gail,West,44
a246ea7b-9ab4-4496-9b28-57e8692d612f,James,Johnson,29
548da1f3-7c87-4ee6-9787-11ce82250f68,Karen,Lam,32
1d42b292-d249-4fc1-ba8f-aca3e72c2319,Nicole,Carter,45
4d7e21e0-5192-49d1-9a7d-8fa956d570e3,Luis,IV,35
0a921a49-d777-4c61-a566-2e52d878406f,Kimberly,MD,43
f062827c-cc9b-4598-8612-fc8f70ef3b25,Michelle,Mccarty,35
24de9863-8de0-4b2e-ad0f-6a3d2c8c3165,Justin,Morgan,50
dc5a62ee-7a57-42ae-a10e-e4163b746cbb,Amy,Dalton,36
9e40c258-df39-4512-921c-62dd804d9801,Michelle,Edwards,40
67ea4626-2fc3-46e7-88d1-b00194e2463f,Elizabeth,Peterson,39
77f0fbc1-aa13-4ebb-a96b-6cedb1410cc8,Katelyn,Reynolds,53
5b76fa59-4cc0-49cf-b027-6887172bb1b8,Lisa,Gibson,51
3d00b36e-b712-4f9d-afce-22275392f5d0,Jacqueline,Walters,38
c8d0eaa9-42bd-4e80-897f-af4f29f37a2c,Samantha,Wagner,40
0254d38a-e516-4251-ae61-f430d00da599,Shawn,Nguyen,51
21a2ed89-e0fc-4c55-8651-2c3ad29c1fb8,Tonya,Lopez,47
fa48d536-75e0-4a2a-9102-1a704f22f5cc,Jeremy,Roy,45
714c3698-24b0-4717-ad8d-b14e91d170db,John,Jordan,20
c7020ce0-18e8-45ac-b260-f76a363a54af,Michael,Dennis,47
0022d448-39a8-4112-920e-8941c398446e,Joseph,Warren,37
cf75ded0-bbef-44f1-b646-b36b28fd61e7,Vanessa,Green,45
881c1834-b6a0-4a1a-a327-cd6663691a6a,Terrence,Jones,50
1cda2ea7-9385-491d-b72c-9c879d06c00d,Brandon,Yates,42
d6b82d4b-1c9b-46cb-af5f-75c58b24f4ff,Charles,Blanchard,37
bd3054ae-91d9-49d1-aec3-7d7b81071574,Corey,Nguyen,29
1d3bca3b-9059-41fc-a5c0-cb830f8a4b36,Keith,Williams,33
4f855691-2b4f-4c7b-b495-610f831f2e75,Todd,Williams,54
e449c5a4-ee51-49ee-ac30-b55d54f99ffe,Diana,Sloan,43
261fda0a-183c-46a9-aa8b-630bb3779798,Nicole,Alvarez,25
3f12b545-e6a6-49bb-b864-921daf499f38,Marc,Dean,52
83a32d7d-7ac6-409a-a5de-fb97f98a71a9,Martha,Yoder,39
1cf94c93-19d5-462c-9706-94b97c0c11ac,Mark,Orozco,28
6e0b57ad-f805-43ab-82d4-23361ba1d0e8,Robert,Kennedy,42
573c7bc1-13d0-49d0-ad36-6acace28bf5b,Alice,Gutierrez,38
d4640c08-a751-4f29-9109-6ea3ff85d470,Michael,Ford,20
832ec8af-256d-4135-95ca-4e552c7084e7,Tammy,Thompson,45
9be69421-ece0-4444-9c3b-e3e2e09d9d28,Steven,Smith,33
fe719139-bddb-4b34-bdb6-3afe61579d1f,Diana,Patrick,40
131e0547-cd37-4186-b3fb-d2da9ed44d39,Jessica,Webb,52
5d3c5dd6-f56c-479d-9b56-d2b2fdaceec4,Cristina,Howard,38
e6810e87-f865-4ce1-b070-bf601ae26379,Jeremiah,Duncan,34
599dcea9-f78e-44cf-b3c3-40d6fa2a9172,Tracey,Middleton,63
ca11232c-0d18-4c0d-bed4-a263e9998bc4,Ronald,Jr.,39
a89425c9-7de4-4f85-8aa7-6ed63a496da1,Megan,Bennett,41
3f5bc5b0-5039-44e5-8c3c-334c3a1d67eb,Eugene,Burns,48
50556239-fe16-4b0f-b008-ee3bc1c8c0da,Brian,Downs,24
bbac8264-6abd-4857-b17c-b60396c74f6a,Mr.,Pineda,44
3432480a-b59d-4b5b-9fec-cb7f79d7cdb6,Victoria,Mercado,65
c08b05be-52bb-4f9b-9512-232251565074,Daniel,Allen,44
0ad50fac-b707-4864-a1c0-a83f1e0d4241,William,Simmons,33
1603a485-6531-4735-b697-4bb523b8448f,Madison,Miller,43
66daf0f9-406e-4edd-a3ba-c81b88309c6f,Daniel,Wheeler,40
3ebffd5e-10ff-434d-a9ca-396eb6dc1064,Matthew,Wright,47
094d59b0-f010-42ec-bf8b-868ed483a40b,Pamela,Hawkins,36
2b0c04b6-8ae9-4f1b-8147-31d7d6e486ab,Javier,Lee,38
89a640c7-e420-4f1b-a6c9-b9944f28ad1b,Wayne,Obrien,18
915bd041-f904-4726-a518-d8bcc579c3b3,Janet,Smith,31
7baf4d10-7990-4283-ba79-e66646623abc,Paul,Wheeler,41
2db512de-e4cf-4da3-9c67-72b15a266427,Laura,Vasquez,56
49af2c39-4711-4da3-8df9-453ea0353e52,Rachel,Guerrero,32
bab30e3a-7dbb-49dc-b082-c39a97b45864,Matthew,Johnson,39
83b5336c-4ee4-4160-baae-44df09a54887,Melinda,Page,18
c3f568f2-2b4e-4a91-a979-cb277fe41df5,Cynthia,Watson,43
062d6592-d681-45ea-87dc-3c84dc28be0f,Bryan,Mendez,28
9751c65c-6db1-4683-b2df-a7194fa3dcde,Ryan,Henry,39
50b42f2a-60f4-44c3-bfde-06db683174d0,Phillip,Wagner,53
6658982a-6a35-4b9a-9a05-d04d46555bee,Jimmy,Booth,32
ab9b5ef9-edd1-4112-b1b2-5806ec9d1157,David,Arroyo,41
29b0946a-e76d-4c4c-b43d-b470f3508474,Olivia,Foley,34
54451c24-7f59-475c-9cb7-4ee903b840bb,Molly,Parks,40
5675a911-7c6e-45c7-bcd8-f70162172aab,Kyle,Perry,32
b9b1703a-91a2-40b8-bc91-af4c0c7a3438,Brandon,Perry,36
f482fdcd-fd53-4d8d-b4f2-20bb51fbe420,Amy,Rodriguez,51
0b34aa0c-d50b-4e8d-8146-ff2deaf8e96f,Gary,MD,35
1b8eface-5c37-44f7-8292-c3a18292d9d4,Leslie,Morse,48
ec30f22c-de8b-4915-be20-123dc806848a,Daisy,Oneal,38
60a6fb80-796c-4ed6-93cf-2881c698eb90,Anthony,Donaldson,30
27172b9a-fa19-4b13-9dbe-ab8d8485c627,Jeffrey,May,31
cf3e1bee-55c3-4f77-9b63-744d8375c3e9,Riley,Hoover,35
81c10dad-4755-4094-9230-283ecb843095,Sydney,Ramos,48
70eb1b6e-818b-40e5-9784-8035ffe46bbc,Lori,Romero,37
41dec503-59d6-4c7b-aa16-54cdacca4adb,Kurt,George,27
c7dbcec1-7e20-4372-a3d7-10dc2927d493,Kristen,Diaz,39
c8b1145e-b6bc-4ee9-ad61-4f43e6d9a547,Michele,Richardson,41
1417d1e2-cc8a-48ed-b6f4-9324425d90bf,Dr.,MD,42
00d88698-6174-4a82-bbf8-a61c6b6442dd,Perry,MD,25
50a40675-585a-4867-9a39-ef3273f45147,Angel,Cruz,24
8e36a654-f08e-42e7-9db4-67ebee6df2b8,Heather,Carrillo,36
c2a07084-b7dc-4421-83bc-9e1a5a60996b,Diamond,Jones,53
e8f50bcc-f07c-44e7-a79b-38c884478805,Tyler,Harris,45
89260f94-5b66-4713-bbef-b63d5f60ad96,Tina,Hill,31
13fd35cf-48ae-4f38-a5fc-6494f0573626,Tracy,Davis,51
06eb8ae1-5a6a-4535-9baf-7896a6ea0d08,Angela,Richardson,34
a324d0e8-5235-402f-908a-d160eed8149b,Katherine,Barker,47
fd3c95f8-cdc4-4f47-b1e3-35277d21ca7f,Evan,Lee,34
dffc5d1c-10f4-42bc-8362-1a94f7457a1e,Courtney,Carroll,35
f27ea427-322a-4dd1-906d-466e372d360d,William,Winters,60
625a3f7c-fd20-4dce-a5a7-76d7b425f73a,Angel,Kelly,33
d2ed1099-ccf2-4d9d-88d5-497bba90a948,Tim,Morales,24
77ca1663-a304-4dc3-9952-b1b199ac3a8b,Katherine,Wright,65
fd0e9221-f098-45f7-ac4a-c2951baffae8,Michael,Young,53
fa84190e-13ca-4c19-aaa1-cacdb05f7144,John,Williams,53
315a5bef-416c-4dc2-bc1e-0721e051d3b0,Robert,Rodriguez,24
189c8a13-13db-4c59-8af2-be1cd4fb935c,Amanda,Campos,29
562984e8-2398-4ac8-8088-9774f3569a13,Nathaniel,Edwards,47
d2a21bbc-8237-4d12-bec4-9536523496d3,Debra,Garcia,49
14ac16c1-2982-467e-96c0-fc754fb5b9b8,Michael,Jones,19
9c1533e6-0e67-4924-9d9a-49c76c69156e,Haley,Woods,28
3c954f50-5807-43fc-be44-a7d33861a07c,James,Patterson,43
dcc8c271-c9d9-4fb4-bcfb-090946152a4c,Tabitha,Mcdaniel,40
0e877e56-a1b9-4166-ba94-a9ac2b3e5164,Terry,Singh,35
54413e77-4422-4f8e-9ee1-ce215170ce26,Sara,Garcia,47
2c656ebe-5018-47c0-83fc-9bc713103272,Peter,Gordon,37
8c633204-0e1c-4d02-9235-02ec419a83b7,Joshua,Davis,31
7d87a62b-c901-47db-89b6-8e28d10e3f6c,Sean,Huynh,32
2e2895b6-acab-4843-bbd8-dd14fab5b039,Kathy,Collins,34
f8593b1c-9077-46a1-a243-85a2d2c85c27,Luis,West,18
a094e2cf-4f00-407c-909d-81e7451a2c55,Adam,Martin,43
ba25a227-e94c-4de2-b4ef-0752ec0aa333,Stephen,Nichols,41
77283092-1d9e-4743-84bd-7c68a4436db3,Harold,Hernandez,44
9550db8b-0b2f-4da3-9584-c224fed30eb4,Lisa,Diaz,50
c698d8d3-9c3a-4a04-99d0-a379255ed2d0,Kevin,Brewer,41
25c0d9c4-c998-447f-a9e9-08b7084887e8,Kiara,Taylor,27
54a22e2f-dcd7-408e-87c2-ec665e6f474f,Kristen,May,28
84c81658-3e34-40c4-aaf9-39e53c7ccdc5,Brett,Edwards,58
a1ccdb73-42ce-4e3b-b09b-17ede37a8454,Emily,Payne,39
8e4ff3c9-eccc-4e57-a679-9c3174916631,David,Ross,57
05223bcf-9743-4cc2-a5a0-8e6d6a1e9c8f,Erica,Farmer,39
04902c5b-b8a8-416f-969b-15c6381a1d17,Kimberly,Davis,41
8e4b5dd4-48a0-411c-93eb-f81f8cc20e8e,Barbara,Scott,38
05353e39-8e03-4d01-a491-d1d1d1f6a328,Sara,Collins,31
c5f442e2-6b7d-4be3-a95d-7dceb9615e3e,Kenneth,Martin,28
a5b55636-ac6c-423a-b42d-5303e2e4a4a3,Maria,Smith,37
aacaa14a-0c44-42ff-8d57-b9fabf328fe5,Jill,Walker,58
3c0a3790-26d2-48a3-b70c-19f8478e3423,Karen,Knight,31
23c155a9-c76c-4ad9-ae71-f17cb7dbd8d1,Anthony,Wood,44
7317aee6-891a-4248-8286-526ad44fe5d2,Edward,Burton,25
d9d92fd3-f53f-487a-b3d9-1191d6235649,Paul,Garcia,45
f021208b-dbc4-4e89-b112-d441a9b95b54,Charles,Robinson,50
108e9309-ebb3-4c82-abf4-d69d62182882,Joseph,Garrison,35
20741820-8271-4d0e-879c-e8736973921d,Steven,Walker,38
d28109bc-fb6f-4251-8f94-2d70c85259b3,Marcus,Roberts,34
24812f1b-e197-41ce-bbef-0556c09ff3fa,Amber,Brooks,36
1f09ca42-0f8e-4434-87a7-8f832feda260,Jacob,Bowers,40
8bd84ca0-6746-49b6-b27b-e55fb08bcc52,Kimberly,Brown,41
6825fbe4-0584-4394-a0ae-e0e61796cc68,Stephen,DVM,48
4cfb7531-6e32-4690-b3b8-a972b4c80f73,Patrick,Johnson,65
502ce858-6add-4d7f-8ed6-29845511d9f7,Richard,Keller,48
53665ccb-ac2b-41d4-8623-f46881173371,Roberta,Jones,34
ba523c74-7972-44a3-8a89-f937901460a9,Willie,Garcia,28
7434f1f1-0022-4160-b06c-b9c664492523,Emily,Brown,34
f6723a67-4cb1-485a-a898-3cb1c773a86b,William,Gutierrez,62
f6c9c68e-caf5-4729-bf31-88b46c46f851,Sandra,Williams,33
06b2ad9a-6a5e-46c0-955d-5e7344009516,Emily,Johnson,34
6ac26532-872b-43f5-9066-5ba5f0232cf1,Nichole,Herman,34
de2cee49-bbf7-4db1-b908-2f39efa461a7,Julie,Freeman,49
b409e55c-9c56-4e87-8262-9b1bb8102141,Carlos,II,38
00535c89-6569-41b2-a2a2-dceacae06aaf,Alexis,Frank,47
a3dc5bf8-efe7-4033-b08d-3d9e8692d44c,Mary,Clark,44
2b263eee-c06e-4f8b-ac49-55650f527b2d,Patricia,Nicholson,46
c5d93e03-cd4c-4b9a-846d-7beeeb62bd25,Megan,Myers,36
758b6c5c-fcf8-4c63-9ce2-f828f304c3fb,Angela,Stevens,53
f3d0f931-0013-495b-aadc-f15aef4a9bf7,Jennifer,Hansen,49
562fc29b-04a0-4772-9382-0e2201d2b991,David,Becker,30
f1116711-458c-46fa-8a2c-6a9cd1a3e4a2,Destiny,Valentine,35
16f37e2c-04ce-45c7-b02b-cc60299d0959,Charles,Kane,36
4ed1ed18-14c2-4759-b33e-4de4329af1f4,Brenda,Perkins,38
68f8b6fc-48a0-4343-8ff7-2589b2952ba9,Cynthia,Haney,21
288d3399-dae5-43ad-bece-b4e3dbcc8ec3,Tyrone,Roberson,58
ff4da783-7d30-400a-a41e-ffd86c072a76,Joseph,Hayes,63
6a0e638e-1512-4720-9b3f-b9a66e27fd24,Edward,Wang,56
6f5da6d6-7872-4417-b030-2ce1dffa7275,Jill,Fernandez,34
0f71cda7-626d-4767-86f1-00fe6b29ae13,Christopher,Holden,46
7e63cef7-94b8-4d04-b38a-ae56e7f31ba5,Bryan,Reed,36
356536ae-035d-42c5-b29e-e951c215d309,Brian,Gonzalez,44
879fd68d-66e2-4f2d-a4ed-54be6ae4bf88,Jeffrey,Gonzales,61
b063bda9-6846-4765-b6cc-2498212821ef,Jordan,Morgan,54
c1d3ead4-2581-44db-b74c-e081ff38aba8,Catherine,Wood,47
d1ae43d4-8735-4a7d-8de9-d139f9faabde,Erin,Greene,62
d83ef5ad-a779-42a5-b71a-de6f2c8771e1,Lauren,Murphy,46
35eae318-3dc2-4a92-b7c2-a055a4502abf,Danielle,Christian,40
29447016-8f5e-4b39-81fa-87183630dea1,Brett,Jones,32
8ad8cbe9-6a2b-4477-bef6-3a715044e195,Steve,Young,56
62d26ae9-6495-4bf0-b662-ddaaf5d1dfcb,Benjamin,Garcia,60
b71877f1-d471-48a3-8e5d-8dc0146f25e0,Tina,Adams,32
26a4b202-8a52-42b1-9491-e7b6e67bfead,Marissa,Garza,26
6d322a4a-3deb-4af0-a7fb-81ab1d0a6128,James,Alexander,25
a952cc74-3f88-45b2-90e9-5a7f1dced452,Dr.,Davis,29
79ce66d5-7880-4fb7-b3bc-b13a7421c5a9,Denise,Ramos,45
fa924922-1a0f-4f9b-bbe9-ab3206cf934a,Daniel,Flores,42
979d3a87-493d-4374-94b0-d6c34be8562d,Brenda,Aguilar,31
b583c961-3a82-4ba7-8cf4-1c3aeb140eb4,Jared,Perez,45
db9f10eb-fb70-4088-b01b-505e72a5dd45,Mr.,DDS,38
0d3a66c8-d182-445f-a26d-1088fdd20929,Michelle,Johnson,30
9a2f2010-5cf5-46dc-9244-e3f7b1211d31,Michelle,Le,33
05cbbdfb-e446-4473-866b-e6133776477e,Charles,Cox,49
6b373a41-6d80-43d5-93ea-57a220ce8ab4,Kayla,Klein,62
9cbae6d0-feb0-48a0-ad1e-25da923e5a22,Jacob,Pierce,41
6f7069b8-1b0b-41ba-bbdd-b38e6462b857,Andrew,Richardson,30
0845bd3e-85b5-46ae-9e22-c7c5b76cd46d,Cynthia,Rodriguez,49
dce6acf9-80fc-4cd9-940a-550966e9a8c4,Steve,Lee,39
fd4725ed-b72f-4eed-ab3a-29786f8d97e4,Alice,Strickland,45
d1b05ec9-63e4-4af8-9a91-6bcd97d06060,Nicole,MD,38
437f8a8b-92a2-42b1-a39f-3fedb03e8838,Jeffrey,Davis,35
1a2c27b4-721b-42bc-8434-31ac4b444085,Matthew,Guerrero,42
3635544f-212c-4b55-9d38-37d899d42f65,Eric,Armstrong,47
7e2208bd-90d7-4700-a67a-baea7eba4d31,Daniel,Hogan,37
7cb61f33-214e-4fac-acd1-f3bbe2b88820,Leslie,Thompson,53
2e07fa6a-d835-46c5-8129-71fcf723c54a,Cesar,Moore,41
facce049-4c22-4b62-81de-be435bc131a7,Bryan,Mckenzie,33
c5afbba4-f184-4a7b-896e-4cfb634d27b5,Dr.,DDS,36
0fa09195-0fe9-43f8-b3c5-bc56f5b857f8,Sharon,James,39
3f9dec90-b6e6-472d-898c-66e799655a3d,Julie,Benson,47
2c015c6e-19e6-4e33-b143-f8259de432c7,Donald,Brown,42
afd0e61b-439a-4608-8748-eecb48307b29,Monica,Jenkins,18
4beb4ca8-d24d-4e74-a916-e956db526525,Amy,Lowe,30
5503dff8-f66b-4b08-ace5-7f596e25ee4d,Stephanie,Walsh,45
3d07c3eb-6129-4c25-a67f-16fd9c6209ff,Justin,Henderson,41
9d28be4b-6d99-405f-8cb0-8aeb28d297df,Selena,Kline,34
a8d4d8cd-140e-42bf-b85a-2067ce752272,Shelby,Hall,55
2ab5a1e4-8355-4a80-b9a1-9d6c8f2e9446,Angela,White,44
a183cdbb-2f88-4bfb-8816-dec3e140f9d4,Andrea,Johnson,34
d8df8799-74c3-4073-add8-db39a27944b5,Monica,Walters,18
5b547d27-4a0a-4584-8f00-2238f3027b14,Theresa,Garner,39
9f4f76da-9456-4315-82a9-38b11621b45d,Jay,Hooper,24
4510dfd8-22ad-4885-8975-ea6d5529a46f,James,Rodriguez,49
57290f96-d3ee-430f-805f-f00910ef7994,Nicole,Jones,38
78c1098c-cb40-4f9f-8f3d-7376ab0c9900,Samuel,Burns,44
d8405b61-9021-4915-b2de-d4bd5556f07a,Lindsey,Terry,44
45f2aa25-ee75-499e-a515-9174a3256d16,Kyle,Reeves,44
0592f88f-6526-45e9-8a12-df3b19174081,Aaron,Howard,33
9fbd3e63-3c81-4b2d-adbb-d77f52178fac,Mary,Nelson,55
abf91aca-03dc-4f78-827a-01533a1d29be,Kevin,Harrison,32
8e867821-f193-4b59-bc46-a52cc0f59d09,Vanessa,Thomas,52
97a13052-c2cc-4f07-864e-f6570a0b9d29,Christopher,Wilkinson,45
f00bfb6d-bc03-4e04-bf5e-17ff600675da,Russell,Durham,23
fed684ec-138e-4776-aad9-e2100a8bc197,Wanda,Reed,34
598897f9-b003-4533-8880-47fb10694635,Ashley,Lester,45
5304db0e-db72-4da8-9981-c033ecf4d8cf,Philip,Edwards,51
c1255e88-b74b-4f00-93e4-14c0c3b37b4a,Kimberly,Graham,36
464e9bb3-d1c6-41b4-accb-5174b5f28f90,James,Mullen,32
4d5a0102-27a3-44c2-9293-0e703f5f9417,Aaron,Arnold,26
e86dd850-e849-49ab-badd-bd697fbdb777,John,Koch,48
073f58ef-c161-4e61-b452-e19e0bc37276,Steve,Lopez,46
6232f20c-c863-43a6-89f6-bd545e9d89b1,Holly,Jones,55
c5eec01a-e2f0-4889-8eef-bbc83d187399,Thomas,Le,33
39f195cc-e4d9-42a0-bbbe-4062e972c97a,Brooke,Clark,32
c27e7eef-b3e9-4f2b-a971-68dc3450cc55,Stephanie,Beasley,43
af6cc2d0-2a2c-47bb-96d8-8e941b4d440a,Ryan,Taylor,38
93f2ab95-5f11-457b-9139-fe0677642999,Ebony,Hale,41
67ebb2f1-3448-4aff-8ec7-f691f72a0cf5,Christopher,Baker,58
dfe569b5-2e19-41c8-9e9b-ae11ac34ad55,Mark,Gardner,55
caad3ee1-2cbb-4cda-832d-ece20879197d,Jeanne,Hines,56
e9b45514-7be5-4aba-b056-fccde3138bd4,Nathan,Flores,32
49bcba3d-42b1-4e53-8c58-cb61754c1289,Michelle,Little,47
0f146a53-9c69-4acc-97bb-4499f6605210,Timothy,Ellis,57
10d5cbc0-d9e4-4435-8090-0ca421487cfc,Christopher,Moran,39
92590bda-cb56-489b-93ff-ad45b80e7373,Victor,Cook,52
b31869c3-dd7e-4034-8464-3f92fdab10d5,Troy,Richardson,48
e53ef094-cefb-4cd6-aaa5-27669a2bae4f,Brandi,Rojas,24
08e54c7a-707c-4f65-9b26-364ab29ac973,Tyrone,Brooks,18
dba6f2ae-1782-4144-bf23-b50e9bceaea2,Sonia,Middleton,36
c411e4c0-dce1-442b-a813-f7e614681806,Walter,Whitaker,50
c8258c95-9d8f-452d-a763-b90974c539bc,Kelly,King,29
1f6af9c1-eca2-4268-9bcf-390542be3454,Jason,Brooks,51
4ad41a6d-413c-46c6-a5a8-b2b72cc56d19,Bonnie,Castro,27
8a94de0b-9992-474b-bff8-87775357470c,Chris,Singleton,43
272dce63-bc86-4caa-a002-579d61e9edbf,Yvonne,Johnson,40
d9c921c7-470a-422e-be58-208375288cb5,Raymond,Drake,30
fb117c90-6cda-442b-9247-84f21eb101ad,Tiffany,Jackson,58
7e25de55-75d0-4072-906a-f337c06e283b,Karen,Robbins,29
ad810a61-7c9f-45c8-a21f-123f1d992b1f,Stephanie,Wilson,31
817fab93-c449-433f-9f4a-b56360a342fe,Kevin,Vaughan,31
d5dd6cdc-5ef2-4be5-b22a-4c9a4f85da17,Kyle,Obrien,38
4f596859-fc11-43c4-b6f0-f777cce04081,Michelle,Robertson,52
491d676d-3e04-4b32-8121-70bb765ebd07,Evan,Mcdonald,20
1cef68cd-81fb-402e-be33-6fc78e9f923d,Timothy,Miles,32
69eb2c0c-e690-4d6a-b47b-06cdcd044651,Catherine,Mitchell,42
6f31da2b-724d-4201-bfe1-bc702033d1f3,Anne,Miller,40
d88a0bad-bc2b-437b-9935-eb3bff533b8f,Jonathan,Dean,40
87436c1c-8b4c-485f-a3db-39fb6a920660,Heather,Dunn,44
f08e6103-ea9a-45e8-adcd-dfe9d2a12b69,Larry,Burton,37
3cab9776-9ce6-4dba-b186-f4c322f275b9,Katie,Black,37
79b6870d-4e99-4362-b08d-10e227a9056d,Megan,Huang,43
9ffe544d-f986-41bd-b66d-309a5f86f590,Denise,Quinn,38
4d2455f1-6261-40f6-b8e5-211f847ce3cf,Stephanie,Simpson,30
050153b9-b54e-4754-89a3-39ee949f33dc,Todd,Ferguson,43
ad4b4696-ecde-42ba-84a6-1434c933a68b,Bradley,Miller,50
3f8ab33c-4ae2-4d84-9567-3b2214e1bb3c,Samantha,Ho,49
744b59c3-2e4f-4f3b-850b-2d736f09a828,Kyle,Montgomery,55
2fa646d1-1a52-47e1-af88-8cde0d81d3bc,Terrence,Brown,47
cecce35a-c192-4d9a-8b54-6e46bc3f5cb6,Cheyenne,Valentine,41
0b196cb6-50e4-42d6-8324-df73f0e649f5,Victoria,Porter,53
2765c1d2-c33d-4255-b773-abc201d33c7f,Harold,Clark,18
7b893489-2c7f-4740-af5a-e9546b77e6af,John,Williams,40
8e816923-e0df-4a9e-8a62-754905c5eefd,Eric,Copeland,35
c422332d-1942-4b76-b749-feba0103fe37,David,Bell,33
f9ed688e-2983-4029-a296-a53bc050dc32,Robert,Wagner,37
ad0053e2-68fe-40f1-b1fb-ba4a71500245,Trevor,Smith,50
74260ca6-23c4-4f5a-aee9-811648c5918c,Patricia,Barrera,25
44a4eb4d-42cf-4b50-8428-af31dc4b16b5,Kelly,Johnson,18
bee4bd9d-9cfe-4acd-9e81-e2c5f5885cc0,Matthew,Miller,43
d46ad1fa-cd64-47ff-8cd2-745c8813a01c,Mark,Martinez,21
16ba0f4e-405e-4570-a873-71dc63c23a62,Rachel,Cooper,47
56af106c-ca14-4f9d-8010-67e0afab74f9,Jennifer,Williams,24
9a7b6771-008f-444c-967d-3f27b9ea3a0f,Jenna,Peters,44
8beaac7c-2841-4082-a26d-a00476b83be1,Vincent,Buchanan,42
9d453cd7-aa2c-49a9-8fc8-9b0a364a21c4,Christopher,Martin,29
d234400d-a038-4c21-8427-313a12dd9c07,Jenna,Sparks,52
92f63793-5c59-4f87-a049-1047f174f6f4,Michael,Gomez,46
abd882d2-cd52-4bbf-8e12-238e9d2c6881,James,Barton,41
8f034398-40df-45d8-b8c8-0d9739714d04,Cody,Flowers,51
15753cb7-edfc-4632-8c07-9018959f575b,Patricia,Scott,57
b49f500b-aa6d-4626-815f-56c59e7b788d,Steven,Miller,44
e04c8545-bc85-4766-a48f-2a819c9025c6,Jason,Estes,41
f1ea6fb8-fa65-4ee0-8e3e-ff91a59f9b5a,Amy,Brady,49
6441eb9d-d9ae-49f3-9ce2-f0ce2c557410,Wesley,Carrillo,31
a041bdbe-ec6f-4c5e-9e30-552f4a0d722b,Joe,Medina,35
8be3d284-5b05-4055-947d-a2fc7509f0db,Laura,Rojas,44
7f7cd217-88e7-4d41-851c-85fb4f0abe51,Michele,Wagner,52
7b847cd8-04f1-42fd-9b9a-c12cce6a876e,Michael,Gonzalez,25
fff8bfa0-f3d3-4d33-b211-c11bc58bb4e7,Alyssa,Torres,45
a637d09b-5b57-42a1-a23d-0baf914f374a,Travis,Ramirez,58
556937de-f101-485b-9372-10697e151d4a,Jesse,Patton,44
e67c0125-7bc0-447b-94d1-14ecae9c0745,Megan,Horn,30
f60f7cdc-4bb7-4e1b-8a1a-6234ecbe3baa,Wesley,Robinson,31
fe5387a9-5f72-4f19-9094-d9921b66a74a,Tyler,Delgado,39
6248ff80-aa18-4e72-9cd6-09c0c142f758,Christopher,Gay,43
e23fa0c8-de5b-45c1-8298-8f1712307e68,Theresa,Hamilton,36
416f3e5f-181b-4f1f-a5c4-3da471acb401,Danielle,Lee,40
8d9011b5-b724-4f16-b010-df4d080f7536,Evelyn,MD,32
f15781ce-e602-4186-ad1a-f27039751233,Chris,Williams,31
67430f41-b499-4a7a-8b70-b07cc64e50ec,Christian,Smith,29
4b9f7d04-6bd8-4370-b701-43769c89a790,Ronald,Lee,33
4b4072d3-e843-4a0d-b3be-dc9de8fd232d,Patty,Peters,36
baeed1a5-b695-4f0f-9426-9db1659ec783,Karen,Mills,47
f452d7f5-4666-41dc-9b71-79e228b3a7da,Sarah,Bean,43
f75be441-d6ea-4954-a33f-57bd8a577616,John,White,44
b9717b55-680c-488c-9842-3165f3588ce3,Destiny,Knight,38
e3a2da2a-712c-4991-ba0c-dcd277766b2a,Erin,Leon,47
4ec6a9f4-f277-4bd8-8aed-1d22aceadfdc,Autumn,Lopez,32
ee1efa50-26c2-491e-9dbb-e3df06ce4d3e,Randall,Patton,42
40bb6982-af65-4597-a938-91ef2194c2b1,Curtis,Reed,26
777c613e-7111-4e60-9e40-6f3103f78c8d,Margaret,Harris,30
3572f787-76d1-48b0-b762-eafc704802a3,Victoria,Cruz,34
d9561811-8bfb-44ce-8863-6e9b02204b21,Jenny,Trevino,45
38093f66-91c7-46fb-a1e6-6cffb21e2c44,Joshua,Hernandez,25
84ece485-6b3c-435f-950c-c759cd87adf8,Crystal,Mccullough,48
525b1eb7-1696-4abf-8875-42472ace1e4b,Kristen,Vega,48
228f4c8d-480a-4e8f-b812-d55d340b2d5c,Kenneth,Brown,33
b08ab18c-6be8-4805-af2f-2edf005c224f,Larry,Ingram,33
a9cd088b-821b-426d-9591-97a1f8d1c4eb,Ronald,Young,27
dc39ef42-2bf5-4ee2-8acc-01087097f358,Patricia,Smith,36
3d2c4fa3-cbf3-49a3-8293-25c3395af0cc,Jessica,Medina,39
7d50ccb2-9def-4957-9a89-3f6e33cb012d,Amy,Brown,51
0e9e7d65-4897-459b-a0a7-5fcc6a0534ee,Cynthia,Jackson,41
f17d7616-532d-4f09-aa53-81da4b74bb14,Joanna,Trevino,34
5ad35ba7-02f1-43da-8723-18aa09fa611a,Sara,Fields,59
44cbedd4-33dd-4217-89fd-9d041bac1881,Emily,Hamilton,44
fd37c6c9-08f3-4773-b9cb-7ec2a520d67b,Anita,Dodson,40
9190e781-f277-4ff3-b556-bf73c11b98fc,Brian,Roberts,43
c9565dda-fc8d-4efb-a379-5a3929553143,Mark,Freeman,49
ee8a79d4-3237-402e-93ab-40fdb0bb9221,Barry,Brown,34
0470e7a2-b43c-4c6e-9843-3a44efae9039,Patricia,Bond,49
ab82dadc-526e-42e3-8ac9-55a89349ebac,Isaiah,Bishop,41
fc212cff-8514-4345-aead-40ff0a8da70b,Christopher,Glenn,40
b66b9580-17f8-4e59-88a0-48afe389c8be,Emily,Nguyen,35
43dbdc09-7191-4c77-8fb8-b8aeb38a2b0f,Donna,Mcconnell,32
90bc693d-ea1e-44f0-8588-d9a387ce0572,Kelly,MD,25
3eb9add7-dce5-4fa4-8f0a-4049227c70fd,Susan,Maldonado,27
aea46e4e-25e8-4a09-9299-30316f26848d,Jennifer,DVM,46
17323865-d889-4c08-a3fc-7fae1f2ab7ab,Maria,Molina,38
7548de44-a966-47a3-a674-a2d92fda84f6,Candace,Collins,41
15bf814a-c130-470c-9f31-95536e601a2c,Candace,Bryant,61
c447d78f-2f09-41f1-adf7-94d0fb60d0c3,Tracy,Decker,33
c86ab424-48fc-44e0-862a-c281302c4fec,Deborah,Harrison,39
3eead0be-a20a-40fe-8d83-599c8d6f1ede,Angela,Bell,34
cd0bd508-defc-42ca-a29d-0c0c52494fd5,Tammy,Ford,31
df157cbf-c7ec-4e8c-a8c8-1f43feb7b096,Kelly,Cruz,42
d973d708-9640-4001-906a-582fa7fb73af,Jordan,Porter,45
aa2cbd0e-c017-4f0d-9c42-07dc65eb14e6,Jennifer,Johnson,46
00ee09d8-8667-458b-b6ba-ba4a13947aa1,Melissa,Hudson,42
a2ed8629-ea80-4fe0-a90e-7d5021aad25a,Billy,Walker,45
488bcbf5-f85f-4630-9354-b23befa0e08f,James,Jones,43
032ab1c7-b3d4-4342-b76a-8daa43ffc028,Martin,Anderson,36
43e63720-c2f7-4dbf-9eaa-0af28ccbafe9,Noah,Gill,37
2378599a-0642-43a0-a044-feb20c3e4406,Sandra,Henry,49
44927c8f-c840-46a8-ac54-7d258c3fb4d2,Jesse,Roth,51
49d38986-58c8-4f7a-82f4-d388c00d7624,Carlos,Williams,34
81b02c43-8d8d-41d5-a7a3-2c87d9851486,Kristie,Smith,56
96dbcd0a-ecca-4741-954f-ed2ae6df273c,Mrs.,Brown,33
ccd2767c-0449-4e24-b7fb-e299f7baf42e,Jose,Whitney,48
5e25e4c1-17c7-4131-bd77-7d965a00da8e,Zachary,Romero,47
d2fc2ec1-d53e-4936-b147-2186d67d08d0,Robert,Cole,38
f47951f8-c0b1-4335-a288-8531ca64982d,Andrew,Gordon,39
3b853942-a3a5-4da0-bcd5-f08e3804a395,Juan,Gibbs,41
8659a0b9-4c3a-4a25-8b01-fb4ad30cefa1,Eric,Jones,49
69f2adc1-06bc-41ea-85c8-9db26f166c37,Sarah,Krause,32
102fca85-9f63-4cf9-8c07-49722d1a6eaa,Garrett,Murray,42
4e658608-564c-4300-bb1c-a053c156bb5b,Brian,Ford,39
ed2ee2af-373c-45bf-86a2-ed75dbc77c7f,Amber,Graham,39
56a67f07-4c46-464d-be57-d171afe00423,James,Frazier,50
8e16b9c2-3f14-4a20-b735-d9a7b84ff4c0,Krista,Carroll,41
02fa25f8-8ed9-484c-8c3a-6414621e0cf7,Andrew,Logan,54
6963402e-f722-4e98-adfb-548841912af4,Ana,Lewis,65
b56a2388-cd1d-4768-8ee4-354b7fe50033,Jesse,Greer,46
a14f94de-5b63-4139-a5ae-05303ad49265,Robyn,Torres,37
792993dc-5f2b-40ec-96fb-40d0fb5b9177,Frank,Gilmore,47
e5f5c8fb-71ac-45c2-9f3c-8b309e414b87,Veronica,Mcclure,18
306406f9-5447-4d80-8ad6-5b078fd7c4b7,Jessica,Conley,45
e73b08e4-c87b-4219-b62b-e1adc770c9ae,Andrew,Love,38
d82da6e6-a23c-41c0-beaf-bc0bdb2b9e88,Michelle,Moss,34
c7b0efd1-5a22-4c99-8b6a-a287b8907070,Andre,Ellis,37
911ac169-9e11-45d9-be98-d95c57352a53,Amanda,Peters,34
ea0ce432-7824-46b8-9834-5d23342e3880,Sheila,Murphy,20
d3f7e96f-6717-4dbe-8243-27f8b62b285a,Angel,Miller,23
dc41ae5f-0e50-410c-8f1d-15956a67d20e,Lisa,Wilson,39
d3dcd62a-0a41-4a05-bb00-0e105a4cf244,Mark,Castillo,45
8e8d625b-1c6b-4ee7-bcbd-66591d11a68e,Jordan,Moody,60
6a97c488-a3c8-4c18-a450-608d7b0c17d2,David,Decker,44
c94e932d-79d3-4159-92c6-85c533aab053,Mackenzie,Powers,65
a69a167b-a091-49a6-a895-ebaf81473f56,Robert,Donovan,36
b1602f6e-5808-494a-84c6-8a679462dfc4,Mrs.,Bennett,29
ec91031e-069c-4701-bc0c-4f0f8bf9cd9a,Kevin,Lopez,29
9a009bb8-6131-45cd-bd1c-91d20250dd4c,David,Austin,31
dd8b567d-e6cf-466e-a025-94a576fcff9f,David,Colon,35
6c1f39d7-802c-43ca-bc95-431412c645e1,Lori,Brown,51
47abe834-1442-410c-a5fa-40ad24945abf,Russell,Gillespie,30
1bccf905-97d4-4df2-a073-5ed82ffa1c2a,Sarah,Ritter,59
8195d2b5-830e-48f4-92f3-4f8477b5500a,Roger,Miller,55
f8848a1f-af71-4d9e-af62-bb35f7502629,Richard,White,57
41ffe15f-a4ac-435d-9d67-00e3c1e5f47f,Amanda,Hicks,26
10faa7a7-f175-46a5-be8a-8b762dd3d22a,Donna,Benson,36
c0b386f6-31d3-4099-b281-1f84f85d2abb,Michele,Briggs,57
21392049-ffc9-4090-8962-b0dcaa20c9d5,Michael,Murray,47
3971e6a9-4d7b-4f0d-869c-7097b60d9143,William,Larson,39
054acd0a-f4e2-49c8-b443-0d5ff952dbef,Autumn,Griffith,44
d8d05e1f-3ed5-4712-b3e4-9472cb80dc43,David,Reynolds,35
e50735fb-ec1c-49b4-b827-43d12442a398,Anthony,Washington,34
efa6f28e-b4be-4087-8c39-9ce2dd40b754,Kayla,Jones,31
425d5d39-424a-42d4-8836-384852005b2d,Angela,Gomez,61
dea89dd6-2559-49fe-9941-a44e56a523b3,Lisa,King,50
90babf56-4a4b-44dd-ae6f-4e43e9913e47,Haley,Garcia,37
d30102d5-ab64-434e-b57a-6340c18cb6a1,Steven,Curtis,37
73246e69-542c-41cd-be4a-ca05716dc977,David,Smith,31
e8e7a1d6-b121-4da3-b096-381848437e62,Barbara,Arnold,37
3b23daa7-5e9b-4c51-9c6e-7271866cae1d,Joel,Carter,46
0e0dce32-c9e5-418c-86be-7d4c13530db6,Linda,Thompson,18
199efdfa-bcdc-4a0c-80a4-f1f59cf8c7c0,Derrick,Gonzalez,41
cacfbbcc-ed17-4c64-9a17-d67d58915627,John,Byrd,36
ba51e47f-29d3-4c80-8613-42ae2326db21,Dr.,Schmidt,44
664f6eef-2766-4151-9285-bfc4bfce1ce5,Justin,Lee,40
a5b726c3-eb35-4a9f-8f5c-23637b4f79a7,Margaret,Schroeder,32
68adcf8b-4ace-4426-91f5-9904fa049cd6,Melissa,Henry,44
a80f85c7-78fe-42c1-92b8-7ac4f5039c76,Michelle,Castillo,42
115d760e-60a0-4304-b277-f65675927a53,Candice,Bender,37
72a07329-c280-4873-94ef-84597dd46ea7,Jordan,Nelson,51
f8811233-f063-4e77-b05a-3f32117ee66b,Kenneth,Wilson,40
73e86093-114c-4c92-a543-74d462898cd7,Michael,Bass,36
7af2c2fc-077f-45af-8a72-78b3a48e4c07,Mr.,Smith,40
b1f5275d-0f6e-4b95-9c45-c8d7ffd0b8a2,Patrick,White,39
874cde4e-f445-481b-9895-866ead2a21da,Paul,Dunn,58
9f6553d4-8ecb-4253-9fab-27a1a0f181b7,Tamara,King,51
1ac87af8-0dcd-4f97-87d3-62737746dd92,Joshua,King,37
71a44265-90bf-4e45-8928-0f7adad314e9,Kelly,Alvarez,48
2a822190-66ce-47e6-9267-59b29bf4fbc1,Susan,Bond,42
5bbcad6d-b9f1-4aa2-a16c-b715a830e9e5,Linda,Singleton,27
858b491a-c653-46ed-af77-16e748bd1b8d,Sydney,Alexander,49
89f321b0-0086-488d-97af-196f2b66bd0c,Michael,Pena,33
4b2bc545-9261-4938-9202-aa7e38bebe6d,Lucas,Fleming,45
6fda664a-8d8f-421e-ad6e-cdd5b5f35a6f,Thomas,Smith,47
2222eea0-4a03-4d6a-831f-d92752531624,Bonnie,Chang,57
fffb5a4b-fd43-4d3e-a1de-537e8bc21f4e,Susan,Jimenez,32
18486cbb-ecf1-488c-a989-1f841fa82c10,Matthew,Williams,37
b49d34a8-cae9-42bb-b7ee-8083871bd14b,Richard,Massey,29
1f49d02d-c051-4748-84a7-8a634ca2b180,Gregory,Palmer,48
e7e08488-04a1-4e9f-845f-1c4f2687de3b,Tami,Adams,64
5b38c752-22f1-43ff-9c1b-7866db59fbb1,Joseph,Summers,50
7de424bb-7206-40e6-a6b8-084151638849,Ryan,Alvarez,62
4013dab7-0828-4640-8fec-e4918f1cde08,Pam,Peterson,42
b8da2575-3566-40c9-8901-2bcb59a8c8f4,Nancy,Huff,37
96877ffd-ad13-4bc0-8029-c2eec62509c5,Kimberly,MD,40
7e421e3f-f2a0-4625-a7d0-f075d9350629,Gregory,Young,39
2411cabc-0093-4a27-a84b-eb6bd1882d1c,Derrick,Pollard,48
467f71f2-c444-4a27-b32b-cae7ec83b728,Victoria,Mckinney,43
b6065a8e-b851-485d-9779-c548aeeaf901,Jay,MD,27
fda092b2-8464-4e30-a6f9-92bbc6b63ddc,Nathan,Rodriguez,39
887f529f-ee83-45fc-bb38-204533e6e2f7,Devin,Jones,30
5978dac3-5150-4fc4-8b7c-208d9be6dde8,Sarah,Evans,51
e8488e74-3686-4b30-a2bc-1d7ecb5c820a,Alejandra,Lin,32
32e0e70e-5ad4-4bbb-becb-aa1da7a865c4,Richard,Watson,37
172f53bc-666a-41c5-b27b-8c5e3401fdc2,Justin,Moon,41
33f72be3-4773-4c45-afac-6eea51811e50,Sarah,Wolfe,56
761b07a4-e1ef-4d9f-bd02-f70a22fcc6fe,Alyssa,Abbott,57
df38f818-8d30-495d-9dce-fb3e48d7f46b,Christopher,James,42
a2d55a41-1474-4315-99d4-94ccc3e33bb9,Tracy,Collins,35
c2455121-b10a-4e05-8dc0-26fe5905152a,Deborah,Vazquez,59
b4f34d7b-0221-4807-999c-d0e656939893,Sheena,MD,47
5f654ab0-e2c4-4981-9087-491b3e29fa8e,Kimberly,Rice,33
011e8a1b-d125-484e-ad14-5cd109b41411,Timothy,Roach,57
f9051483-b192-4af6-aa49-044998365ae6,Amy,Oneill,29
ceb8ff67-9613-4d76-819d-d5173d9a8efe,Justin,Johnson,47
4371cffe-e9b8-4f5e-becb-d250aa226dc2,Kristine,Smith,44
dcf89ec2-f10d-4c6c-8a52-f7bfad4f37a8,Jordan,Hampton,49
5706538e-723d-47e8-9b65-86396f612249,Ryan,Davis,50
272f7f79-8fe2-4633-8674-4c1e978dca33,Carolyn,Ibarra,30
5a60851b-f64c-40d0-8316-78baa3432ae9,Joshua,James,40
0a425115-082d-4c51-8a64-452ec34a28d7,Shaun,Parsons,50
c6428cce-d798-4528-84c9-04a55e0017d8,Edward,Ortiz,49
20f7550d-9d55-4ce4-a2b2-2251a24e1eb3,Jacqueline,Cox,41
